{"cameraMode":{"drawMode":0,"name":"Shaded","section":"Shading Mode"},"sceneLighting":false,"audioPlay":false,"sceneViewState":{"m_AlwaysRefresh":false,"showFog":true,"showSkybox":false,"showFlares":true,"showImageEffects":true,"showParticleSystems":true,"showVisualEffectGraphs":true,"m_FxEnabled":true},"in2DMode":false,"pivot":{"x":0.1788262128829956,"y":-0.16369208693504334,"z":-0.12987098097801209},"rotation":{"x":-0.4077318012714386,"y":0.5775976777076721,"z":-0.40750885009765627,"w":-0.577970027923584},"size":1.3266499042510987,"orthographic":false}