{"cameraMode":{"drawMode":0,"name":"Shaded","section":"Shading Mode"},"sceneLighting":false,"audioPlay":false,"sceneViewState":{"m_AlwaysRefresh":false,"showFog":true,"showSkybox":false,"showFlares":true,"showImageEffects":true,"showParticleSystems":true,"showVisualEffectGraphs":true,"m_FxEnabled":true},"in2DMode":false,"pivot":{"x":-3.7180323600769045,"y":1.3375362157821656,"z":-2.2262699604034426},"rotation":{"x":0.8636559844017029,"y":-0.07660575956106186,"z":-0.47868674993515017,"w":-0.1382322460412979},"size":3.7266499996185304,"orthographic":false}