{"cameraMode":{"drawMode":0,"name":"Shaded","section":"Shading Mode"},"sceneLighting":false,"audioPlay":false,"sceneViewState":{"m_AlwaysRefresh":false,"showFog":true,"showSkybox":false,"showFlares":true,"showImageEffects":true,"showParticleSystems":true,"showVisualEffectGraphs":true,"m_FxEnabled":true},"in2DMode":false,"pivot":{"x":0.011475026607513428,"y":0.10400000214576721,"z":-0.023624956607818605},"rotation":{"x":-0.31081250309944155,"y":0.631471574306488,"z":-0.30622169375419619,"w":-0.6410105228424072},"size":1.5849573612213135,"orthographic":false}