{"cameraMode":{"drawMode":0,"name":"Shaded","section":"Shading Mode"},"sceneLighting":false,"audioPlay":false,"sceneViewState":{"m_AlwaysRefresh":false,"showFog":true,"showSkybox":false,"showFlares":true,"showImageEffects":true,"showParticleSystems":true,"showVisualEffectGraphs":true,"m_FxEnabled":true},"in2DMode":false,"pivot":{"x":0.5472793579101563,"y":-0.7533626556396484,"z":0.2955893278121948},"rotation":{"x":0.33622708916664126,"y":-0.6551645398139954,"z":0.40838590264320376,"w":0.5394052863121033},"size":3.0598177909851076,"orthographic":false}